location_id,location_name,latitude,longitude,location_description,user_id,created_at,updated_at,approval_status
467,"3-Hill Shoals, Bermuda Island",32.4083,-64.786,,9,2015-08-03 05:28:33 UTC,2015-08-03 05:28:33 UTC,
132,"Abrolhos, Australia",-28.695921,113.647341,"min_depth=0, max_depth=7, start_year=2005, end_year=2005, methodology=DGGE",1,2014-12-04 23:29:59 UTC,2014-12-04 23:29:59 UTC,
517,"Abrolhos Reef Complex, Brazil",-17.968303,-38.700152,,2,2015-11-03 08:00:21 UTC,2015-11-03 08:00:21 UTC,
426,Abu Qalawa,27.2444778,33.7930128,"Red Sea, close to Berenice",92,2015-06-25 05:16:34 UTC,2015-06-25 05:25:25 UTC,
63,"Admiral Patch Reef, Florida Keys",25.0446,-80.3945,"min_depth=1, max_depth=2, start_year=2003, end_year=2005, methodology=DGGE",1,2014-12-04 23:29:59 UTC,2014-12-04 23:29:59 UTC,
602,"Aka_Island_1, Japan",26.198889,127.280556,,350,2017-07-23 11:22:01 UTC,2017-07-23 11:22:01 UTC,
427,Al-Ahyaa,27.2444778,33.7930128,,92,2015-06-25 05:23:49 UTC,2015-06-25 05:23:49 UTC,
569,Al Aqah,25.4929462,56.36352265,"Reef fringing Al Aqah (Snoopy Island), Fujairah, UAE",97,2017-03-06 08:56:13 UTC,2017-03-06 08:56:13 UTC,
161,"Aliwal Shoal, South Africa",-30.2582,30.82801667,"min_depth=18, max_depth=18, start_year=0, end_year=0, methodology=DGGE",1,2014-12-04 23:29:59 UTC,2014-12-04 23:29:59 UTC,
67,"Alligator Reef, Florida Keys",24.8424,-80.6244,"min_depth=12, max_depth=12, start_year=2003, end_year=2005, methodology=DGGE",1,2014-12-04 23:29:59 UTC,2014-12-04 23:29:59 UTC,
599,"Amakusa_2, Amakusa",32.166667,130.033333,,350,2017-07-23 11:05:13 UTC,2017-07-23 11:05:13 UTC,
116,"Amakusa, Japan",31.726034,129.895052,"min_depth=4, max_depth=6, start_year=0, end_year=0, methodology=Cloning",1,2014-12-04 23:29:59 UTC,2014-12-04 23:29:59 UTC,
115,"Amami, Japan",28.234855,129.53667,"min_depth=1, max_depth=5, start_year=0, end_year=0, methodology=Cloning",1,2014-12-04 23:29:59 UTC,2014-12-04 23:29:59 UTC,
200,American Samoa,-14.269344,-170.698947,,1,2014-12-04 23:29:59 UTC,2014-12-04 23:29:59 UTC,
103,Andaman Sea,7.43241601,98.46419501,"min_depth=2, max_depth=6, start_year=2007, end_year=2007, methodology=DGGE",1,2014-12-04 23:29:59 UTC,2014-12-04 23:29:59 UTC,
266,"Ao Man, Thailand ",7.834319,98.406266,,1,2014-12-04 23:29:59 UTC,2014-12-04 23:29:59 UTC,
525,Aruba,12.528171,-69.981483,,126,2016-01-08 15:40:22 UTC,2016-01-08 15:40:22 UTC,
522,Atlantic (unspecified),13.695557,-47.026395,,1,2015-11-22 20:08:06 UTC,2015-11-22 20:08:06 UTC,
408,Au'au Channel,20.883,-156.754,"Au'au Channel, Main Hawaiian Islands",10,2015-05-27 06:30:23 UTC,2015-05-27 06:30:23 UTC,
603,"Babeldaob_1, Palau",7.515,134.5825,,350,2017-07-23 11:23:24 UTC,2017-07-23 11:23:24 UTC,
222,Bahamas,25.533672,-77.384523,,1,2014-12-04 23:29:59 UTC,2014-12-04 23:29:59 UTC,
166,"Banderas Bay, Mexico",20.605857,-105.632349,"min_depth=2, max_depth=10, start_year=2006, end_year=2008, methodology=DGGE",1,2014-12-04 23:29:59 UTC,2014-12-04 23:29:59 UTC,
561,"Bar Al-Hikman reef complex, Oman",20.30832,58.320344,,31,2016-02-08 08:47:35 UTC,2016-02-08 08:47:35 UTC,
451,"Barang Lompo, South Sulawesi, Flores Sea",-4.9653,119.3311,,9,2015-07-29 20:48:21 UTC,2015-07-29 20:48:21 UTC,
46,Barbados,13.065258,-59.39125,"min_depth=15, max_depth=0, start_year=2005, end_year=2007, methodology=DGGE",1,2014-12-04 23:29:59 UTC,2014-12-04 23:29:59 UTC,
343,"Barren Island, Australia",-23.158121,151.076197,,1,2014-12-04 23:29:59 UTC,2015-09-24 21:49:30 UTC,
583,"Beacon_Islands, Houtman Abrolhos, Australia",-28.461389,113.697778,,350,2017-07-23 05:32:35 UTC,2017-09-23 12:18:43 UTC,
445,"Beer Odeeb, Northern Gulf of Suez, Red Sea",29.6807,32.3652,,9,2015-07-29 04:54:58 UTC,2015-07-29 04:54:58 UTC,
61,Bermuda,32.36868333,-64.78976111,"min_depth=0, max_depth=0, start_year=0, end_year=0, methodology=Cloning",1,2014-12-04 23:29:59 UTC,2014-12-04 23:29:59 UTC,
465,"Bermuda Island, Fore-reef slope north",32.4658,-64.8439,,9,2015-08-03 05:14:51 UTC,2015-08-03 05:14:51 UTC,
464,"Bermuda Island, Fore-reef slope south",32.3445,-64.6234,,9,2015-08-03 05:13:25 UTC,2015-08-03 05:13:25 UTC,
468,"Bermuda Island, South Shore",32.3279,-64.6909,,9,2015-08-03 05:30:36 UTC,2015-08-03 05:30:36 UTC,
580,"Big Broadhurst_SW, Big Broadhurst Reef",-18.899722,147.755278,,350,2017-07-23 05:19:25 UTC,2017-07-23 05:19:25 UTC,
413,Big Broadhurt Reef,-18.902,147.734,"Big Broadhurst Reef, central Great Barrier Reef, Australia",10,2015-06-02 03:38:55 UTC,2015-06-02 03:38:55 UTC,
337,"Big Island, Hawaii",19.598607,-155.66803,,1,2014-12-04 23:29:59 UTC,2014-12-04 23:29:59 UTC,
199,"BIOSphere, Hawaii Institute of Marine Biology",21.428709,-157.792094,,1,2014-12-04 23:29:59 UTC,2014-12-04 23:29:59 UTC,
481,"Bird Island, Lizard Island",-14.693036,145.467231,Cath Lovelock site,1,2015-08-25 05:37:01 UTC,2015-08-25 05:37:01 UTC,
482,"Bird Island Patch, Lizard Island",-14.690408,145.460378,Cath Lovelock site,1,2015-08-25 05:37:51 UTC,2015-08-25 05:37:51 UTC,
365,"Biscayne National Park, Florida Keys",25.480263,-80.331586,,1,2014-12-04 23:29:59 UTC,2014-12-04 23:29:59 UTC,
54,"Bocas del Toro District, Panama",9.33533611,-82.25432222,"min_depth=0, max_depth=0, start_year=2002, end_year=2002, methodology=cloning",1,2014-12-04 23:29:59 UTC,2014-12-04 23:29:59 UTC,
181,"Bolinao, Phillipines",16.3333,119.8833,,9,2014-12-04 23:29:59 UTC,2014-12-04 23:29:59 UTC,
480,"Bommie, Lizard Island",-14.689258,145.466683,Cath Lovelock's site near Bird Island,1,2015-08-25 04:51:50 UTC,2015-08-25 04:51:50 UTC,
458,"Bondo, Karimunjawa Islands, Java",-6.4293,110.7562,,9,2015-07-29 21:48:54 UTC,2015-07-29 21:48:54 UTC,
419,Bowden Reef,-19.0496443,147.9546859,,92,2015-06-05 05:22:36 UTC,2015-06-05 05:22:36 UTC,
585,"Bowden_Reef_1, Bowden Reef",-19.036111,147.9275,,350,2017-07-23 05:36:04 UTC,2017-07-23 05:36:04 UTC,
632,Bowden_Reef_SW,-19.046175,147.919553,,350,2017-08-25 04:10:01 UTC,2017-08-25 04:10:01 UTC,
248,"Buck Island, St. Croix",17.790045,-64.62038,,1,2014-12-04 23:29:59 UTC,2014-12-04 23:29:59 UTC,
546,"Bundegi Reef, Australia",-21.844927,114.173732,,126,2016-01-08 19:51:20 UTC,2016-01-08 19:51:20 UTC,
610,"Cabarruyan_Island_1, Philippines",16.366667,119.9,,350,2017-07-23 11:38:33 UTC,2017-07-23 11:38:33 UTC,
534,"Calafuria, Tyrrhenian Sea",43.450009,10.35,"Coordinates of site in Goffredo et al., 2009. (original coordinates given in Deg Min Sec)",126,2016-01-08 17:35:58 UTC,2016-01-08 17:35:58 UTC,
237,"Canal de Afuera, Panama",7.671113,-81.666838,,1,2014-12-04 23:29:59 UTC,2014-12-04 23:29:59 UTC,
6,"Cane Bay, St. Croix",17.766108,-64.839977,,1,2014-12-04 23:29:59 UTC,2014-12-04 23:29:59 UTC,
25,"CaÃ±o Island, Costa Rica",8.716667,-83.866667,,22,2014-12-04 23:29:59 UTC,2015-07-15 01:21:07 UTC,
516,"Cape Canaveral, USA",28.459234,-80.46078,,2,2015-11-03 07:56:30 UTC,2015-11-03 07:56:30 UTC,
351,Caribbean,15.45368,-74.750977,No good location information,1,2014-12-04 23:29:59 UTC,2014-12-04 23:29:59 UTC,
334,"Caribbean coast, Panama",9.62783,-79.172974,,1,2014-12-04 23:29:59 UTC,2014-12-04 23:29:59 UTC,
80,"Carrie Bow Cay, Belize",16.796983,-88.084388,"min_depth=0, max_depth=0, start_year=0, end_year=0, methodology=DGGE",1,2014-12-04 23:29:59 UTC,2014-12-04 23:29:59 UTC,
49,"Cartagena, Colombia",10.141381,-75.930156,"min_depth=8, max_depth=36, start_year=2006, end_year=2006, methodology=DGGE",1,2014-12-04 23:29:59 UTC,2017-09-11 05:59:15 UTC,
363,"Carysfort Reef, Florida Keys",25.253083,-80.219832,,1,2014-12-04 23:29:59 UTC,2014-12-04 23:29:59 UTC,
463,"Castle Harbour, Bermuda",32.3482,-64.6791,,9,2015-08-03 05:08:36 UTC,2015-08-03 05:08:36 UTC,
625,"Cattle Bay, Orpheus Island",-18.586545,146.481383,,350,2017-08-25 02:58:06 UTC,2017-08-25 02:58:06 UTC,
384,"Cayo Arcas, Gulf of Mexico",20.21,-91.98,,8,2014-12-04 23:29:59 UTC,2014-12-04 23:29:59 UTC,
510,Central Great Barrier Reef,-18.913482,146.744766,,2,2015-11-02 06:33:07 UTC,2015-11-02 06:33:07 UTC,
59,Charlotte Amalie,18.296119,-64.890936,"min_depth=2, max_depth=7, start_year=2007, end_year=2007, methodology=DGGE",1,2014-12-04 23:29:59 UTC,2014-12-04 23:29:59 UTC,
624,"Checker Reef, Kaneohe_Bay_4, Hawaii",-21.444444,-157.769444,,350,2017-07-23 12:36:08 UTC,2017-07-24 22:50:26 UTC,
397,"Cheeca Patch, Florida",24.907447,-80.61826,,8,2015-04-28 03:56:02 UTC,2015-04-28 04:02:14 UTC,
263,"Chinchorro Bank, Mexico",18.611044,-87.315085,,1,2014-12-04 23:29:59 UTC,2014-12-04 23:29:59 UTC,
28,"Chinimi, Enewetak Atoll, Marshall Islands",11.520639,162.222049,"Depth is midpoint of given range (2-5m).Site of nuclear tests 1948-1958.",3,2014-12-04 23:29:59 UTC,2014-12-04 23:29:59 UTC,
478,"Chinwan Inner Bay, Penghu Islands, Taiwan",23.529407,119.560103,,31,2015-08-14 03:52:13 UTC,2015-08-14 03:52:13 UTC,
390,"Christiansted Harbor Back Reef-Round Reef, St. Croix",17.754832,-64.698232,,8,2014-12-04 23:29:59 UTC,2014-12-04 23:29:59 UTC,
389,"Christiansted Harbor Fore-Reef, St. Croix",17.758092,-64.714239,,8,2014-12-04 23:29:59 UTC,2014-12-04 23:29:59 UTC,
395,"Chumbe Island, Zanzibar",-6.0538,39.4692,,64,2014-12-04 23:29:59 UTC,2014-12-04 23:29:59 UTC,
605,"Chumphon reef_2, Thailand",10.366667,99.316667,,350,2017-07-23 11:29:58 UTC,2017-07-23 11:29:58 UTC,
606,"Chumphon reef_3, Thailand",10.366667,99.333333,,350,2017-07-23 11:30:16 UTC,2017-07-23 11:30:16 UTC,
265,Clipperton Atoll,10.286043,-109.216133,,1,2014-12-04 23:29:59 UTC,2014-12-04 23:29:59 UTC,
402,"Coast of Jeddah, Saudi Arabia, Central Red Sea",21.9994189,38.8731244,,9,2015-05-08 15:12:44 UTC,2015-08-28 01:24:24 UTC,
347,"Coconut Island, Kaneohe Bay, Oahu",21.434395,-157.787983,,1,2014-12-04 23:29:59 UTC,2014-12-04 23:29:59 UTC,
236,"Coiba, Panama",7.638999,-81.75404,,1,2014-12-04 23:29:59 UTC,2014-12-04 23:29:59 UTC,
357,"Conch Reef, Florida",24.95797,-80.46052,,1,2014-12-04 23:29:59 UTC,2014-12-04 23:29:59 UTC,
579,"CONI, Dampier",-20.574778,116.712703,,350,2017-07-23 05:13:07 UTC,2017-07-23 05:13:07 UTC,
396,"Coral Gardens, Florida",24.823445,-80.755097,,8,2015-04-28 03:54:10 UTC,2015-04-28 04:00:33 UTC,
378,"Coral Reef Early Warning Station, Discovery Bay, Jamaica",18.472937,-77.415307,,1,2014-12-04 23:29:59 UTC,2014-12-04 23:29:59 UTC,
487,"Corner Beach, Lizard Island",-14.670397,145.442965,Cath Lovelock site,1,2015-08-25 05:40:10 UTC,2015-08-25 05:40:10 UTC,
68,Curacao,12.197672,-68.939165,"min_depth=40, max_depth=40, start_year=2005, end_year=2005, methodology=DGGE",1,2014-12-04 23:29:59 UTC,2014-12-04 23:29:59 UTC,
91,"Curacao Island, Australia",-18.66725278,146.5557028,"min_depth=1, max_depth=6, start_year=2003, end_year=2003, methodology=DGGE",1,2014-12-04 23:29:59 UTC,2014-12-04 23:29:59 UTC,
437,"Cyrene patch reef, Singapore",1.2516,103.7184,,9,2015-07-28 05:18:49 UTC,2015-07-28 05:18:49 UTC,
381,"Dairy Bull, Jamaica",18.46805,-77.388367,,1,2014-12-04 23:29:59 UTC,2014-12-04 23:29:59 UTC,
130,"Dampier, Australia",-20.663799,116.70846,"min_depth=0, max_depth=7, start_year=2005, end_year=2005, methodology=DGGE",1,2014-12-04 23:29:59 UTC,2014-12-04 23:29:59 UTC,
379,"Dancing Ladies, Discovery Bay, Jamaica",18.472817,-77.413367,,1,2014-12-04 23:29:59 UTC,2014-12-04 23:29:59 UTC,
560,"Darvel Bay, North Borneo, Malaysia",5.004837,118.332772,,31,2016-02-08 06:57:50 UTC,2016-02-08 06:59:34 UTC,
589,"Davies_1, Davies Reef",-18.833333,147.65,,350,2017-07-23 05:46:02 UTC,2017-07-23 05:46:02 UTC,
368,Davies Reef,-18.830949,147.651977,Exact location of Oliver et al. 1983.,1,2014-12-04 23:29:59 UTC,2014-12-04 23:29:59 UTC,
83,Day Reef,-14.289284,145.329191,"min_depth=25, max_depth=29, start_year=2008, end_year=2008, methodology=DGGE",1,2014-12-04 23:29:59 UTC,2014-12-04 23:29:59 UTC,
570,"Dhabiya			",24.36549992,54.10079998,"Reef 5.5km offshore from Dhabiya district, Abu Dhabi, UAE",97,2017-03-06 08:56:47 UTC,2017-03-06 08:56:47 UTC,
571,"Dibba			",25.60313453,56.34847672,"Reef fringing Dibba Rock, Fujairah. UAE",97,2017-03-06 08:57:20 UTC,2017-03-06 08:57:20 UTC,
227,"Discovery Bay, Jamaica",18.467479,-77.404089,,1,2014-12-04 23:29:59 UTC,2014-12-04 23:29:59 UTC,
526,"Dry Tortugas National Park, Florida",24.664207,-82.865174,,126,2016-01-08 16:14:39 UTC,2016-01-08 16:14:39 UTC,
180,"Dumaguete, Philippines",9.3167,123.3,,9,2014-12-04 23:29:59 UTC,2014-12-04 23:29:59 UTC,
75,"Dunsborough, Australia",-33.596592,115.125443,"min_depth=0, max_depth=15, start_year=2005, end_year=2005, methodology=DGGE",1,2014-12-04 23:29:59 UTC,2014-12-04 23:29:59 UTC,
528,Eastern Adriatic Sea,43.06269,16.4527,"25 locations in the eastern Adriatic Sea given in Kruzic et al., 2012. Fine detail can be added at a later time if needed.",126,2016-01-08 16:38:42 UTC,2016-01-08 16:38:42 UTC,
527,"East Flower Garden Bank, Gulf of Mexico",27.918961,-93.598427,,126,2016-01-08 16:28:03 UTC,2016-01-08 16:28:03 UTC,
601,"Eilat_1, Israel",29.533333,34.966667,,350,2017-07-23 11:20:42 UTC,2017-07-23 11:20:42 UTC,
43,"Eilat, Israel",29.54973056,34.95620556,"min_depth=0, max_depth=0, start_year=1999, end_year=1999, methodology=Sequencing",1,2014-12-04 23:29:59 UTC,2014-12-04 23:29:59 UTC,
530,"Elba Isle, Tyrrhenian Sea",42.750143,10.39978,"Coordinates of site in Goffredo et al., 2009. (original coordinates given in Deg Min Sec)",126,2016-01-08 17:23:18 UTC,2016-01-08 17:23:18 UTC,
425,El-Fanadir,27.2444778,33.7930128,,92,2015-06-25 01:51:13 UTC,2015-06-25 05:26:10 UTC,
186,"Elkhorn Reef, Florida",25.21766,-80.09961,,1,2014-12-04 23:29:59 UTC,2014-12-04 23:29:59 UTC,
173,"Enewetak Atoll, Marshall Islands",11.413548,162.147607,,1,2014-12-04 23:29:59 UTC,2014-12-04 23:29:59 UTC,
521,Equatorial Eastern Pacific,4.042618,-84.420333,,2,2015-11-10 08:07:53 UTC,2015-11-10 08:07:53 UTC,
636,Esk Reef,-18.773818,146.519938,,350,2017-08-25 04:27:56 UTC,2017-08-25 04:27:56 UTC,
582,"Fagaâ€™alu, American Samoa",-14.279444,-170.700833,,350,2017-07-23 05:30:10 UTC,2017-09-23 12:20:48 UTC,
89,Feather Reef,-17.53280278,146.3924694,"min_depth=10, max_depth=17, start_year=2003, end_year=2003, methodology=DGGE",1,2014-12-04 23:29:59 UTC,2014-12-04 23:29:59 UTC,
122,Fiji,-17.713371,178.065032,"min_depth=0, max_depth=0, start_year=2008, end_year=2008, methodology=DGGE",1,2014-12-04 23:29:59 UTC,2014-12-04 23:29:59 UTC,
260,Florida Caribbean,0,0,,15,2014-12-04 23:29:59 UTC,2014-12-04 23:29:59 UTC,
50,Florida Keys,24.776438,-80.717769,"min_depth=10, max_depth=10, start_year=2006, end_year=2006, methodology=DGGE",1,2014-12-04 23:29:59 UTC,2014-12-04 23:29:59 UTC,
370,"Fort Jefferson, Florida",24.627435,-82.87314,,1,2014-12-04 23:29:59 UTC,2014-12-04 23:29:59 UTC,
31,"Fort Lauderdale, Florida, USA",26.121446,-80.103239,"Location only approximate as co-ordinates not given (Knutson et al. 1972).Depth is midpoint of given range (2-5m).",3,2014-12-04 23:29:59 UTC,2014-12-04 23:29:59 UTC,
44,French Frigate Shoals,23.84968333,-166.2974333,"min_depth=15, max_depth=20, start_year=2006, end_year=2005, methodology=Cloning",1,2014-12-04 23:29:59 UTC,2014-12-04 23:29:59 UTC,
536,Galapagos Islands,-0.800351,-90.497096,,126,2016-01-08 18:16:57 UTC,2016-01-08 18:16:57 UTC,
175,"Galu Falhu, Maldives",4.205432,73.498778,,1,2014-12-04 23:29:59 UTC,2014-12-04 23:29:59 UTC,
529,"Genova, Ligurian Sea",44.333303,9.133342,"Coordinates of site in Goffredo et al., 2009. (original coordinates given in Deg Min Sec)",126,2016-01-08 17:07:10 UTC,2016-01-08 17:07:10 UTC,
3,"Geoffrey Bay, Magnetic Island",-19.156016,146.864828,,1,2014-12-04 23:29:59 UTC,2014-12-04 23:29:59 UTC,
1,Global estimate,0,0,"Global estimate is special location reserved for species-level traits. Such traits include individual-level traits that do not vary among individuals of a species over ecological time-scales (e.g., sexual system), as well as emergent characteristics of individuals within a species (such as geographical range size and greatest depth observed). Species-level traits do not have contextual traits because, by definition, they apply to all individuals, globally.",1,2014-12-04 23:29:59 UTC,2015-05-12 00:59:53 UTC,
372,"Golding Cay, Bahamas",24.219691,-77.602505,This location was very hard to find and probably no longer called Golding Cay.  The description was taken from Vaughan 1915.,1,2014-12-04 23:29:59 UTC,2014-12-04 23:29:59 UTC,
455,"Gosong Cemara, Karimunjawa Islands, Java",-5.8213,110.3816,,9,2015-07-29 21:12:04 UTC,2015-07-29 21:57:56 UTC,
235,Granito I Panama Caribbean,0,0,,15,2014-12-04 23:29:59 UTC,2014-12-04 23:29:59 UTC,
2,Great Barrier Reef (GBR),-17.832374,146.821289,The Great Barrier Reef region. GBR.,1,2014-12-04 23:29:59 UTC,2014-12-04 23:29:59 UTC,
416,Great Palm Island,-18.726585,146.6306316,,92,2015-06-05 04:52:28 UTC,2015-06-05 04:52:28 UTC,
558,"Green Island, Taiwan",22.63889,121.47948,"Green Island, offshore of Taiwan",10,2016-01-11 02:07:59 UTC,2016-01-11 02:07:59 UTC,
420,Grub Reef,-18.6265198,147.4286768,,92,2015-06-05 05:26:08 UTC,2015-06-05 05:26:08 UTC,
114,Guam,13.50385,144.723552,"min_depth=0, max_depth=0, start_year=1999, end_year=1999, methodology=Sequencing",1,2014-12-04 23:29:59 UTC,2014-12-04 23:29:59 UTC,
609,"Guam_1, Guam",13.444167,144.793611,,350,2017-07-23 11:37:45 UTC,2017-09-23 04:34:08 UTC,
459,"Guiri Guiri Reef, Papagayo Gulf, Pacific Costa Rica",10.5743,-85.7344,,9,2015-07-30 03:52:32 UTC,2015-07-30 03:52:32 UTC,
185,"Gulf of Aqaba, Red Sea",28.75,34.75,,9,2014-12-04 23:29:59 UTC,2014-12-04 23:29:59 UTC,
429,Gulf of Guanahacabibes,22.041552,-84.6080518,,92,2015-06-25 06:49:30 UTC,2015-06-25 06:49:30 UTC,
403,"Gulf of Papagayo, Costa Rica",10.737026,-85.845548,,9,2015-05-12 06:15:30 UTC,2015-05-12 06:15:30 UTC,
537,Gulf of Suez,28.729414,33.000291,,126,2016-01-08 18:21:57 UTC,2016-01-08 18:21:57 UTC,
167,Gulf of Tehuantepec,15.529831,-96.516386,"min_depth=2, max_depth=10, start_year=2006, end_year=2008, methodology=DGGE",1,2014-12-04 23:29:59 UTC,2014-12-04 23:29:59 UTC,
411,Gulf of Thailand,9.288,104.236,"Gulf of Thailand, Vietnam",10,2015-06-02 03:31:40 UTC,2015-06-02 03:31:40 UTC,
198,"Gun Beach, Guam",13.518203,144.806564,,1,2014-12-04 23:29:59 UTC,2014-12-04 23:29:59 UTC,
375,"Havana, Cuba",23.21193,-82.336305,,2,2014-12-04 23:29:59 UTC,2014-12-04 23:29:59 UTC,
244,Hawaii,20.846946,-157.592354,,126,2014-12-04 23:29:59 UTC,2016-01-08 18:30:04 UTC,
611,Hawaii_1,21.466927,-157.810793,,350,2017-07-23 12:15:25 UTC,2017-09-23 12:06:25 UTC,
627,"Hazard Bay, Orpheus Island",-18.617028,146.48485,,350,2017-08-25 03:10:43 UTC,2017-08-25 03:10:43 UTC,
586,"Heron_1, Heron Island",-23.46254,151.951045,,350,2017-07-23 05:39:53 UTC,2017-09-23 11:20:39 UTC,
587,"Heron_2, Heron Island",-23.45,151.916667,,350,2017-07-23 05:40:22 UTC,2017-07-23 05:40:22 UTC,
588,"Heron_3, Heron Island",-23.462528,151.951056,,350,2017-07-23 05:40:47 UTC,2017-07-23 05:40:47 UTC,
86,Heron Island,-23.44412778,151.9160528,"min_depth=3, max_depth=18, start_year=2005, end_year=2006, methodology=DGGE",1,2014-12-04 23:29:59 UTC,2014-12-04 23:29:59 UTC,
386,"Hess Reef, St. Croix",7.68903,-64.753618,Krause Lagoon was formerly located here but was dredged and filled for the construction of the Hess oil refinery,8,2014-12-04 23:29:59 UTC,2014-12-04 23:29:59 UTC,
549,"Hikkaduwa Nature Reserve, Sri Lanka",6.135434,80.092284,"Site estimated from Figure 1 in S.S. Jinendradasa1 and S.U.K. Ekaratne, 2000",126,2016-01-08 20:24:39 UTC,2016-01-08 20:24:39 UTC,
447,"Hila, Ambon, Banda Sea",-3.5731,128.098,,9,2015-07-29 14:32:57 UTC,2015-07-29 14:32:57 UTC,
539,"Hilutangan Channel, Phillipines",10.277738,123.996869,"Hilutangan Channel off Hadsan, Mactan Island, Phillipines; listed as site in PÃ_tzold 1984",126,2016-01-08 18:49:07 UTC,2016-01-08 18:49:07 UTC,
257,"Hoga, Wakatobi MNP, Tukand Besi ",-5.4717155,123.7724579,,15,2014-12-04 23:29:59 UTC,2015-08-28 04:29:31 UTC,
251,"Hoga, Wakatoni MNP, Tukand Besi Indo-Pacific",0,0,,15,2014-12-04 23:29:59 UTC,2014-12-04 23:29:59 UTC,
461,"Hoi Ha Wan, Hong Kong",22.4872,114.3281,,9,2015-08-03 02:22:40 UTC,2015-08-03 02:22:40 UTC,
640,"Hole_S.Santuary, Coral Bay, Ningaloo",-23.14949,113.771217,,350,2017-08-25 10:24:36 UTC,2017-08-25 10:24:36 UTC,
412,"Holmes Reef, Coral Sea",-16.243,147.874,"Holmes Reefs, western Coral Sea, Australia",10,2015-06-02 03:36:34 UTC,2015-06-02 03:36:34 UTC,
538,Hopkinson Reef,-18.551711,147.196168,,126,2016-01-08 18:43:26 UTC,2016-01-08 18:43:26 UTC,
492,"Hornos reef, Veracruz, Gulf of Mexico",19.190695,-96.118202,,9,2015-08-27 04:16:07 UTC,2015-08-27 04:19:27 UTC,
476,"Horseshoe, Lord Howe Island",-31.536274,159.062367,,2,2015-08-10 09:13:44 UTC,2015-08-10 09:13:44 UTC,
238,Iguana I Panama Caribbean,0,0,,15,2014-12-04 23:29:59 UTC,2014-12-04 23:29:59 UTC,
547,Iki Island,33.7893,129.714434,,126,2016-01-08 19:58:42 UTC,2016-01-08 19:58:42 UTC,
409,Indo-Pacific (unspecified),0,160,"Indo-Pacific, exact location not specified",10,2015-06-02 02:04:44 UTC,2015-06-02 02:04:44 UTC,
158,Inhaca Island,-26.01965,32.90298333,"min_depth=3, max_depth=3, start_year=0, end_year=0, methodology=DGGE",1,2014-12-04 23:29:59 UTC,2014-12-04 23:29:59 UTC,
170,Ishigaki Island,24.50255,124.362577,"min_depth=6, max_depth=14, start_year=0, end_year=0, methodology=Cloning",1,2014-12-04 23:29:59 UTC,2014-12-04 23:29:59 UTC,
497,"Isla Anegada de Dentro, Veracruz, Gulf of Mexico",19.225543,-96.053869,,9,2015-08-27 04:33:08 UTC,2015-08-27 04:33:08 UTC,
496,"Isla Anegada de Fuera, Veracruz, Gulf of Mexico",19.157857,-95.853261,,9,2015-08-27 04:30:31 UTC,2015-08-27 04:30:31 UTC,
495,"Isla Cabezo, Veracruz, Gulf of Mexico",19.074524,-95.835986,,9,2015-08-27 04:27:11 UTC,2015-08-27 04:27:11 UTC,
494,"Isla Chopas, Veracruz, Gulf of Mexico",19.083317,-95.946582,,9,2015-08-27 04:24:34 UTC,2015-08-27 04:24:34 UTC,
338,"Isla Contadora, Panama",8.628206,-79.037533,,1,2014-12-04 23:29:59 UTC,2014-12-04 23:29:59 UTC,
491," Isla Enmedio, Veracruz, Mexican Caribbean",19.106108,-95.938601,,9,2015-08-27 04:12:51 UTC,2015-08-27 04:12:51 UTC,
493,"Isla Gallega, Veracruz, Gulf of Mexico",19.231123,-96.122881,,9,2015-08-27 04:22:22 UTC,2015-08-27 04:22:22 UTC,
488,"Isla Pajaros, Veracruz, Mexican Caribbean",19.190167,-96.091934,,9,2015-08-27 02:52:11 UTC,2015-08-27 02:52:11 UTC,
490,"Isla Sacrificios, Veracruz, Mexican Caribbean",19.175854,-96.092398,,9,2015-08-27 04:05:44 UTC,2015-08-27 04:05:44 UTC,
109,Isla Socorro,18.690977,-110.891461,"min_depth=2, max_depth=10, start_year=2006, end_year=2008, methodology=DGGE",1,2014-12-04 23:29:59 UTC,2014-12-04 23:29:59 UTC,
489,"Isla Verde, Veracruz, Mexican Caribbean",19.202901,-96.066584,,9,2015-08-27 03:03:59 UTC,2015-08-27 03:03:59 UTC,
596,"Itabaca Channel, Galapagos, Ecuador",-0.484522,-90.269275,,350,2017-07-23 10:51:32 UTC,2017-09-23 10:32:54 UTC,
641,"Jackie, Lizard Island",-14.670606,145.462534,,350,2017-08-25 10:32:44 UTC,2017-08-25 10:32:44 UTC,
47,Jamaica,18.13265,-77.29588889,"min_depth=0, max_depth=0, start_year=0, end_year=0, methodology=DGGE",1,2014-12-04 23:29:59 UTC,2014-12-04 23:29:59 UTC,
410,Jewell Reef,-14.379,145.345,"Jewell Reef, northern Great Barrier Reef",10,2015-06-02 02:21:23 UTC,2015-06-02 02:21:23 UTC,
242,Jicaron I Panama Caribbean,0,0,,15,2014-12-04 23:29:59 UTC,2014-12-04 23:29:59 UTC,
535,"John Pennekamp Coral State Park, Florida",25.204996,-80.297975,"Location estimated from Figure 1 in Ghiold and Enos, 1982",126,2016-01-08 18:06:23 UTC,2016-01-18 01:21:08 UTC,
123,Johnston Atoll,16.7473,-169.5093167,"min_depth=2, max_depth=4, start_year=2006, end_year=2006, methodology=Cloning",1,2014-12-04 23:29:59 UTC,2014-12-04 23:29:59 UTC,
258,"Kaledupa, Wakatobi MNP, Tukand Besi ",-5.5294699,123.7741746,,15,2014-12-04 23:29:59 UTC,2015-08-28 04:30:26 UTC,
252,"Kaledupa, Wakatoni MNP, Tukand Besi Indo-Pacific",0,0,,15,2014-12-04 23:29:59 UTC,2014-12-04 23:29:59 UTC,
613,"Kaneohe_Bay_1, Hawaii",21.433333,-157.75,,350,2017-07-23 12:20:45 UTC,2017-07-23 12:20:45 UTC,
614,"Kaneohe_Bay_2, Hawaii",21.444444,-156.230556,,350,2017-07-23 12:22:06 UTC,2017-07-23 12:22:06 UTC,
615,"Kaneohe_Bay_3, Hawaii",21.4375,-156.209167,,350,2017-07-23 12:22:25 UTC,2017-07-23 12:22:25 UTC,
194,"Kaneohe Bay, Oahu",21.464891,-157.803154,,1,2014-12-04 23:29:59 UTC,2014-12-04 23:29:59 UTC,
376,Kaohsiung,22.6333,120.2667,,8,2014-12-04 23:29:59 UTC,2014-12-04 23:29:59 UTC,
377,"Kaohsiung, Taiwan",22.6333,120.2667,,8,2014-12-04 23:29:59 UTC,2014-12-04 23:29:59 UTC,
450,"Kapoposan, South Sulawesi, Flores Sea",-4.6897,118.95,,9,2015-07-29 20:43:36 UTC,2015-07-29 20:43:36 UTC,
621,"Karimunjawa_1, Indonesia",-5.816667,110.4,,350,2017-07-23 12:33:37 UTC,2017-07-23 12:33:37 UTC,
223,Kavaratti atoll India Indo-Pacific,0,0,,15,2014-12-04 23:29:59 UTC,2014-12-04 23:29:59 UTC,
172,"Kavaratti lagoon, Lakshadweep Islands",10.565,72.631,"10.5700Â° N, 72.6200",1,2014-12-04 23:29:59 UTC,2014-12-04 23:29:59 UTC,
453,"Kayangan, South Sulawesi, Flores Sea",-5.0816,119.4205,,9,2015-07-29 20:59:12 UTC,2015-07-29 20:59:12 UTC,
509,"Key Largo, Florida Keys, USA",25.061513,-80.413342,,9,2015-10-02 07:11:22 UTC,2015-10-02 07:11:22 UTC,
164,"Key West Harbor, Florida Keys",24.653754,-81.749814,"min_depth=0, max_depth=0, start_year=2003, end_year=2003, methodology=DGGE",1,2014-12-04 23:29:59 UTC,2014-12-04 23:29:59 UTC,
211,"Ko Bon, Thailand",7.756921,98.332128,,1,2014-12-04 23:29:59 UTC,2014-12-04 23:29:59 UTC,
600,"Kochi, Otsuki",32.766667,132.733333,,350,2017-07-23 11:10:48 UTC,2017-07-23 11:10:48 UTC,
219,Koh Bon South Thailand Indo-Pacific,0,0,,15,2014-12-04 23:29:59 UTC,2014-12-04 23:29:59 UTC,
220,Koh Hae South Thailand Indo-Pacific,0,0,,15,2014-12-04 23:29:59 UTC,2014-12-04 23:29:59 UTC,
209,"Ko Hi, Thailand",7.747313,98.376072,,1,2014-12-04 23:29:59 UTC,2014-12-04 23:29:59 UTC,
214,Koh Lon South Thailand Indo-Pacific,0,0,,15,2014-12-04 23:29:59 UTC,2014-12-04 23:29:59 UTC,
221,Koh Racha Yai South Thailand Indo-Pacific,0,0,,15,2014-12-04 23:29:59 UTC,2014-12-04 23:29:59 UTC,
204,"Ko Lon, Thailand",7.787684,98.371868,,1,2014-12-04 23:29:59 UTC,2014-12-04 23:29:59 UTC,
213,"Ko Miang, Thailand",8.567854,97.637165,,1,2014-12-04 23:29:59 UTC,2014-12-04 23:29:59 UTC,
217,"Ko Phi Phi, Thailand",7.74908,98.778232,,1,2014-12-04 23:29:59 UTC,2014-12-04 23:29:59 UTC,
270,"Ko Phi Phi, Thailand ",0,0,,15,2014-12-04 23:29:59 UTC,2014-12-04 23:29:59 UTC,
207,"Ko Phi Phi, Thailand Indo-Pacific",0,0,,15,2014-12-04 23:29:59 UTC,2014-12-04 23:29:59 UTC,
471,"Ko Phuket, Thailand",7.7991,98.4087,,9,2015-08-04 02:48:00 UTC,2015-08-04 02:48:00 UTC,
212,"Ko Racha Yai, Thailand",7.606271,98.366349,,1,2014-12-04 23:29:59 UTC,2014-12-04 23:29:59 UTC,
373,"Koror, Palau",7.338495,134.465898,Palao Tropical Biological Station,2,2014-12-04 23:29:59 UTC,2014-12-04 23:29:59 UTC,
169,Kuroshima Island,24.224182,123.985949,"min_depth=6, max_depth=14, start_year=0, end_year=0, methodology=Cloning",1,2014-12-04 23:29:59 UTC,2014-12-04 23:29:59 UTC,
598,"Kushimoto, Japan",33.366667,135.783333,,350,2017-07-23 11:02:07 UTC,2017-09-23 09:44:35 UTC,
399,"Kushimotoâ€êShirahama, Japan",33.505328,135.630819,,8,2015-05-05 01:51:06 UTC,2015-05-05 01:51:06 UTC,
456,"Lagun Marican, Karimunjawa Islands, Java",-5.8186,110.4361,,9,2015-07-29 21:36:14 UTC,2015-07-29 21:38:22 UTC,
430,"La Parguera, Puerto Rico ",17.937626,-67.048164,,92,2015-06-29 04:03:00 UTC,2015-06-29 04:03:00 UTC,
85,La Paz Bay,24.25,-110.3333333,"min_depth=3, max_depth=3, start_year=1998, end_year=2001, methodology=DGGE",1,2014-12-04 23:29:59 UTC,2014-12-04 23:29:59 UTC,
189,La Reunion,-21.125885,55.52236,,1,2014-12-04 23:29:59 UTC,2014-12-04 23:29:59 UTC,
159,Leadman's Shoal,-27.50348333,32.61236667,"min_depth=12, max_depth=25, start_year=0, end_year=0, methodology=DGGE",1,2014-12-04 23:29:59 UTC,2014-12-04 23:29:59 UTC,
56,Lee Stocking Island,23.76725556,-76.09464167,"min_depth=4, max_depth=4, start_year=1998, end_year=1999, methodology=DGGE",1,2014-12-04 23:29:59 UTC,2014-12-04 23:29:59 UTC,
418,Little Broadhurst Reef,-18.955115,147.6938494,,92,2015-06-05 05:19:22 UTC,2015-06-05 05:19:22 UTC,
66,"Little Grecian Reef, Florida Keys",25.1188,-80.3016,"min_depth=3, max_depth=4, start_year=2003, end_year=2005, methodology=DGGE",1,2014-12-04 23:29:59 UTC,2014-12-04 23:29:59 UTC,
639,"Little Pioneer Bay_N.shore, Orpheus Island",-18.59846,146.49241,,350,2017-08-25 04:49:15 UTC,2017-09-23 12:44:30 UTC,
576,"Little Pioneer Bay, Orpheus Island",-18.611175,146.486647,,350,2017-07-23 04:41:31 UTC,2017-07-23 04:41:31 UTC,
637,"Little Pioneer Bay Point, Orpheus Island",-18.601722,146.488639,,350,2017-08-25 04:36:30 UTC,2017-08-25 04:36:30 UTC,
178,Lizard Island,-14.6689,145.4594,,1,2014-12-04 23:29:59 UTC,2014-12-04 23:29:59 UTC,
577,"Lizard Island_1, Lizard Island",-14.66285,145.455403,,350,2017-07-23 04:48:43 UTC,2017-07-23 04:48:43 UTC,
371,"Loggerhead Key, Florida",24.635322,-82.919485,,1,2014-12-04 23:29:59 UTC,2014-12-04 23:29:59 UTC,
524,Lord Howe Island,-31.534584,159.075151,,1,2015-12-17 01:13:20 UTC,2015-12-17 01:13:20 UTC,
563,"Lord Howe Island (Horseshoe Reef), Australia",-31.5425,159.06183,Site_ID=76,2,,,
564,"Lord Howe Island (Jetty Hole), Australia",-31.52636111,159.0507167,Site_ID=425,2,,,
565,"Lord Howe Island (Jetty_left), Australia",-31.52623333,159.0487556,Site_ID=305,2,,,
567,"Lord Howe Island (North Bay), Australia",-31.521413,159.046821,Site_ID=130,2,,,
504,Lower Florida Keys,24.56601,-81.449878,,9,2015-09-28 01:17:03 UTC,2015-09-28 01:17:03 UTC,
540,"Low Isles, Queensland, Australia",-16.385932,145.562259,,126,2016-01-08 18:55:40 UTC,2016-01-08 18:55:40 UTC,
380,"M1, Discovery Bay, Jamaica",18.472283,-77.40875,,1,2014-12-04 23:29:59 UTC,2014-12-04 23:29:59 UTC,
253,Magnetic Island ,-19.132681,146.842918,,1,2014-12-04 23:29:59 UTC,2014-12-04 23:29:59 UTC,
262,"Mahahual, Mexico",18.718244,-87.707732,,1,2014-12-04 23:29:59 UTC,2014-12-04 23:29:59 UTC,
470,"Main Terrace reefs, Bermuda Island",32.4681,-64.8018,,9,2015-08-03 05:58:55 UTC,2015-08-03 06:01:03 UTC,
339,Maldives,2.438229,73.212891,,1,2014-12-04 23:29:59 UTC,2014-12-04 23:29:59 UTC,
391,"Manchenil Bay, St. Croix",17.699765,-64.704354,,8,2014-12-04 23:29:59 UTC,2014-12-04 23:29:59 UTC,
484,"Mangrove Beach patch, Lizard Island",-14.682231,145.455161,Cath Lovelock site,1,2015-08-25 05:38:54 UTC,2015-08-25 05:38:54 UTC,
607,"Man_Islands_1, Thailand",12.616667,101.7,,350,2017-07-23 11:32:19 UTC,2017-07-23 11:32:19 UTC,
84,Mast Head Reef,-23.541077,151.740726,"min_depth=2, max_depth=4, start_year=2002, end_year=2002, methodology=DGGE",1,2014-12-04 23:29:59 UTC,2014-12-04 23:29:59 UTC,
407,Maui,20.779,-156.282,Main Hawaiian Islands,10,2015-05-27 06:25:28 UTC,2015-05-27 06:25:28 UTC,
486,"Mermaid Cove, Lizard Island",-14.647588,145.454142,Cath Lovelock site,1,2015-08-25 05:39:44 UTC,2015-08-25 05:39:44 UTC,
573,"Miall		",-23.154023,150.903211,"Reef fringing Miall Island, Keppel Island group, Southern GBR",97,2017-03-06 08:58:53 UTC,2017-03-06 08:58:53 UTC,
505,Middle Florida Keys,24.8088,-80.768277,,9,2015-09-28 01:18:03 UTC,2015-09-28 01:18:03 UTC,
415,Middle Reef,-19.1977896,146.8145028,,92,2015-06-05 04:35:32 UTC,2015-06-05 04:35:32 UTC,
513,Mljet Island,42.716964,17.533033,,2,2015-11-03 06:49:16 UTC,2015-11-03 06:49:16 UTC,
507,"Molasses Reef, Florida Keys",25.078228,-80.352296,,9,2015-09-28 01:20:53 UTC,2015-09-28 01:20:53 UTC,
622,"Molokini, Hawaii",20.633333,-156.5,,350,2017-07-23 12:34:28 UTC,2017-07-23 12:34:28 UTC,
472,"Mombasa, Kenya",-4.054685,39.721804,,2,2015-08-06 05:05:31 UTC,2015-08-06 05:05:31 UTC,
592,"Moorea_2, French Polynesia",-17.5,-149.833333,,350,2017-07-23 10:25:37 UTC,2017-09-23 11:07:18 UTC,
188,"Moorea, French Polynesia",-17.53144,-149.831543,,1,2014-12-04 23:29:59 UTC,2014-12-04 23:29:59 UTC,
634,Moore_Reef_1,-16.874853,146.240467,,350,2017-08-25 04:23:12 UTC,2017-08-25 04:23:12 UTC,
544,"Moreton Bay, Australia",-27.348155,153.287317,,126,2016-01-08 19:40:38 UTC,2016-01-08 19:40:38 UTC,
417,Morinda Shoal,-19.0687456,147.400622,,92,2015-06-05 04:57:15 UTC,2015-06-05 04:57:15 UTC,
406,Myrmidon Reef,-18.266,147.389,central Great Barrier Reef,10,2015-05-27 06:22:03 UTC,2015-05-27 06:22:03 UTC,
542,"Na'ama Bay, Egypt",27.91066,34.332476,,126,2016-01-08 19:12:46 UTC,2016-01-08 19:12:46 UTC,
612,"Nanwan_Bay_1, Taiwan",21.916667,120.75,,350,2017-07-23 12:18:53 UTC,2017-07-23 12:18:53 UTC,
616,"Nanwan_Bay_2, Taiwan",21.916667,120.983333,,350,2017-07-23 12:25:45 UTC,2017-07-23 12:25:45 UTC,
566,"Neds (Neds Beach), Australia",-31.56333333,159.0740778,Site_ID=126,2,,,
183,"Nelly Bay, Magnetic Island",-19.1333,146.8333,,1,2014-12-04 23:29:59 UTC,2014-12-04 23:29:59 UTC,
638,NE_Orpheus,-18.574957,146.493934,,350,2017-08-25 04:39:58 UTC,2017-08-25 04:39:58 UTC,
383,"New Reef, Discovery Bay, Jamaica",18.471551,-77.410897,Location described in Crabbe (2010) Mar Env Res.,1,2014-12-04 23:29:59 UTC,2014-12-04 23:29:59 UTC,
160,"Nine-mile Reef, South Africa",-27.42238333,32.7221,"min_depth=13, max_depth=13, start_year=0, end_year=0, methodology=DGGE",1,2014-12-04 23:29:59 UTC,2014-12-04 23:29:59 UTC,
131,Ningaloo,-23.097835,113.624526,"min_depth=0, max_depth=7, start_year=2005, end_year=2005, methodology=DGGE",1,2014-12-04 23:29:59 UTC,2014-12-04 23:29:59 UTC,
477,No location record,,,Used for when there is no reference to a location. Please avoid using unless absolutely necessary.,1,2015-08-11 22:29:03 UTC,2015-08-11 22:37:26 UTC,
584,"North_and_NorthWest_Solitary Islands, Solitary Islands",-30.1,153.333333,,350,2017-07-23 05:34:14 UTC,2017-07-23 05:34:14 UTC,
5,"North Bay, Lord Howe Island",-31.52,159.045,,1,2014-12-04 23:29:59 UTC,2014-12-04 23:29:59 UTC,
520,North East Atlantic,55.779224,-11.142688,,2,2015-11-10 05:43:21 UTC,2015-11-10 05:43:21 UTC,
556,Northern Gulf of Mexico,28.695786,-89.947446,,126,2016-01-09 14:54:02 UTC,2016-01-09 14:54:02 UTC,
64,"North Norman's Patch, Exuma Cays",23.7912,-76.1368,"min_depth=2, max_depth=4, start_year=2003, end_year=2005, methodology=DGGE",1,2014-12-04 23:29:59 UTC,2014-12-04 23:29:59 UTC,
441,"North Pari Reef, Pari Island Complex, Java Sea",-5.8515,106.631,,9,2015-07-29 01:48:02 UTC,2015-07-29 01:48:02 UTC,
466,"North Rock, Bermuda Island",32.4514,-64.808,,9,2015-08-03 05:25:40 UTC,2015-08-03 05:25:40 UTC,
33,North Solitary Island,-29.9167,153.3833,"29.9167Â° S, 153.3833Â° E",1,2014-12-04 23:29:59 UTC,2014-12-04 23:29:59 UTC,
442,"North Tikus, Pari Island Complex, Java Sea",-5.8565,106.5753,,9,2015-07-29 01:49:30 UTC,2015-07-29 01:49:30 UTC,
34,Northwest Solitary Island,-30.017382,153.271637,"-30.017382,153.271637",1,2014-12-04 23:29:59 UTC,2014-12-04 23:29:59 UTC,
595,"Nyali_2, Kenya",-3.983333,39.75,,350,2017-07-23 10:38:32 UTC,2017-07-23 10:38:32 UTC,
474,"Nyali Reef, Mombasa, Kenya",-4.062316,39.712256," A reef located in the National Reserve in Mombasa, Kenya",31,2015-08-10 06:34:53 UTC,2015-08-10 06:37:29 UTC,
87,Oahu,21.5,-158,"min_depth=3, max_depth=15, start_year=0, end_year=0, methodology=DGGE",1,2014-12-04 23:29:59 UTC,2014-12-04 23:29:59 UTC,
423,Off New Caledonia,-23.68,167.68,,49,2015-06-11 14:19:05 UTC,2015-06-11 14:19:05 UTC,
120,"Ofu Island, American Samoa",-14.105366,-169.39257,"min_depth=0.8, max_depth=1.3, start_year=2004, end_year=2006, methodology=DGGE",1,2014-12-04 23:29:59 UTC,2014-12-04 23:29:59 UTC,
201,"Okinawa, Japan",26.399403,127.832707,,1,2014-12-04 23:29:59 UTC,2014-12-04 23:29:59 UTC,
137,Olosega Island,-14.094688,-169.372611,"min_depth=1, max_depth=4, start_year=2005, end_year=2005, methodology=Cloning",1,2014-12-04 23:29:59 UTC,2014-12-04 23:29:59 UTC,
141,Omaha,41.224957,-95.928937,"min_depth=0, max_depth=0, start_year=2000, end_year=2000, methodology=DGGE",1,2014-12-04 23:29:59 UTC,2014-12-04 23:29:59 UTC,
146,One Tree Island,-23.490371,152.075065,"min_depth=0, max_depth=4, start_year=2001, end_year=2001, methodology=DGGE",1,2014-12-04 23:29:59 UTC,2014-12-04 23:29:59 UTC,
548,"Onslow Bay, North Carolina",34.34263,-77.242891,,126,2016-01-08 20:08:07 UTC,2016-01-08 20:08:07 UTC,
434,"Onslow Is, Galapagos",-1.2249985,-90.4204827,,92,2015-07-15 02:13:15 UTC,2015-07-15 03:29:52 UTC,
121,Orlando,28.410732,-81.462772,"min_depth=0, max_depth=0, start_year=0, end_year=0, methodology=DGGE",1,2014-12-04 23:29:59 UTC,2014-12-04 23:29:59 UTC,
591,"Orpheus Island_1, Orpheus Island",-18.616111,146.497222,,350,2017-07-23 10:20:12 UTC,2017-07-23 10:20:12 UTC,
630,"Orpheus_South, Orpheus Island",-18.664041,146.493345,,350,2017-08-25 03:31:36 UTC,2017-08-25 03:31:36 UTC,
422,"Padang, West Sumatra, Indonesia",-1.2,100,,49,2015-06-11 14:10:36 UTC,2015-06-11 14:10:36 UTC,
142,Palau,7.51498,134.58252,"min_depth=0, max_depth=0, start_year=1991, end_year=1991, methodology=DGGE",1,2014-12-04 23:29:59 UTC,2014-12-04 23:29:59 UTC,
531,"Palinuro,Tyrrhenian Sea",40.033341,15.266677,"Coordinates of site in Goffredo et al., 2009. (original coordinates given in Deg Min Sec)",126,2016-01-08 17:27:04 UTC,2016-01-08 17:27:04 UTC,
498,Palmata Beach,23.78,-76.1,,1,2015-09-10 07:53:57 UTC,2015-09-10 07:54:43 UTC,
553,"Palmyra Atoll, Polynesia",5.883296,-162.089422,,126,2016-01-08 20:58:03 UTC,2016-01-08 20:58:03 UTC,
241,Panama,9.123115,-79.539569,,1,2014-12-04 23:29:59 UTC,2014-12-04 23:29:59 UTC,
111,Panama Bay,8.907315,-79.40694,"min_depth=2, max_depth=10, start_year=2007, end_year=2009, methodology=DGGE",1,2014-12-04 23:29:59 UTC,2014-12-04 23:29:59 UTC,
414,Pandora Reef,-18.8132669,146.4325734,,92,2015-06-04 05:39:04 UTC,2015-06-04 05:39:04 UTC,
532,"Pantelleria Isle, Strait of Sicily",36.750015,11.950012,"Coordinates of site in Goffredo et al., 2009. (original coordinates given in Deg Min Sec)",126,2016-01-08 17:29:41 UTC,2016-01-08 17:29:41 UTC,
400,"Pari Island Complex, Java Sea",-5.86,106.599,,9,2015-05-08 02:24:17 UTC,2015-05-08 02:24:17 UTC,
436,"Patch Reef 42, Kaneohe Bay, Oahu",21.4785,-157.8281,,9,2015-07-27 15:10:52 UTC,2015-07-27 15:10:52 UTC,
405,Pearl & Hermes,27.837,-175.354,"Pearl & Hermes Atoll, NW Hawaiian Islands",10,2015-05-27 06:19:49 UTC,2015-05-27 06:19:49 UTC,
551,"Pearl Islands, Panama",8.435441,-78.934976,,126,2016-01-08 20:32:54 UTC,2016-01-08 20:32:54 UTC,
382,"Pear Tree Bottom, Jamaica",18.463817,-77.356717,,1,2014-12-04 23:29:59 UTC,2014-12-04 23:29:59 UTC,
543,"Peel Island, Australia",-27.496738,153.359561,,126,2016-01-08 19:35:10 UTC,2016-01-08 19:35:10 UTC,
629,"Pelorus SE, Pelorus Island",-18.620267,146.556456,,350,2017-08-25 03:28:11 UTC,2017-08-25 03:28:11 UTC,
631,"Pelorus_South.West, Pelorus Island",-18.559097,146.492084,,350,2017-08-25 03:57:53 UTC,2017-08-25 10:45:40 UTC,
581,"Pelorus_SW, Pelorus Island",-18.559097,146.492084,,350,2017-07-23 05:27:43 UTC,2017-07-23 05:27:43 UTC,
642,"Pelorus_West, Pelorus Island",-18.559781,146.489917,,350,2017-08-25 10:45:04 UTC,2017-08-25 10:45:26 UTC,
460,"Peng Chau Island, Hong Kong",22.2686,114.0088,,9,2015-08-03 02:20:32 UTC,2015-08-03 02:20:32 UTC,
572,"Penhgu Island group			",23.602292,119.587494,"General location of Penghu, GPS coords of specific dive sites not known ",97,2017-03-06 08:57:49 UTC,2017-03-06 08:57:49 UTC,
245,Philippines,12.147441,122.972133,,1,2014-12-04 23:29:59 UTC,2014-12-04 23:29:59 UTC,
165,Phuket Island,7.98631667,98.32754444,"min_depth=0, max_depth=0, start_year=1995, end_year=1995, methodology=Cloning",1,2014-12-04 23:29:59 UTC,2014-12-04 23:29:59 UTC,
590,"Pioneer Bay_2, Orpheus Island",-18.6,146.483333,,350,2017-07-23 10:14:14 UTC,2017-07-23 10:14:14 UTC,
177,"Pioneer Bay, Orpheus Island",-18.610784,146.488051,Orpheus Island Research Station,1,2014-12-04 23:29:59 UTC,2014-12-04 23:29:59 UTC,
519,"Plymouth, United Kingdom",50.358848,-4.14291,,2,2015-11-10 05:12:09 UTC,2015-11-10 05:12:09 UTC,
514,"Point Cabrillo, California",36.622475,-121.903492,"Point Cabrillo, Pacific Grove, California, United States",2,2015-11-03 07:00:57 UTC,2015-11-03 07:00:57 UTC,
643,Point_Orpheus,-18.567118,146.483724,,350,2017-08-25 10:53:30 UTC,2017-08-25 10:53:30 UTC,
162,Pondoland,-31.41755,30.12058333,"min_depth=16, max_depth=16, start_year=0, end_year=0, methodology=DGGE",1,2014-12-04 23:29:59 UTC,2014-12-04 23:29:59 UTC,
206,"Porites Bay, Thailand",7.811884,98.404303,,1,2014-12-04 23:29:59 UTC,2014-12-04 23:29:59 UTC,
475,"Pot Holes, Lord Howe Island",-31.562575,159.07453,,31,2015-08-10 09:11:53 UTC,2015-08-10 09:11:53 UTC,
515,"Praia da Tartaruga, Brazil",-22.75552,-41.903909,"Praia da Tartaruga, State of Rio de Janeiro, Brazil",2,2015-11-03 07:39:29 UTC,2015-11-03 07:39:29 UTC,
51,Puerto Morelos,20.87,-86.85,"min_depth=5.2, max_depth=5.2, start_year=2007, end_year=2007, methodology=DGGE",1,2014-12-04 23:29:59 UTC,2015-09-10 07:57:18 UTC,
330,Puerto Rico,18.20848,-66.549683,,1,2014-12-04 23:29:59 UTC,2014-12-04 23:29:59 UTC,
479,"Puffney Patch (Big Vicki), Lizard Island",-14.685483,145.442027,,1,2015-08-25 04:48:23 UTC,2015-08-25 04:48:23 UTC,
438,"Pulau Hantu, Singapore",1.2225,103.7502,,9,2015-07-28 06:42:21 UTC,2015-07-28 06:42:21 UTC,
454,"Pulau Kecil, Karimunjawa Islands, Java",-5.8262,110.5046,,9,2015-07-29 21:06:48 UTC,2015-07-29 21:57:40 UTC,
457,"Pulau Panjang, Karimunjawa Islands, Java",-6.5753,110.6282,,9,2015-07-29 21:43:05 UTC,2015-07-29 21:58:14 UTC,
555,"Pulau Pari, Java",-5.857468,106.611015,,126,2016-01-08 22:27:33 UTC,2016-01-08 22:27:33 UTC,
499,Qwerty,1,1,Test location (ignore and delete later),20,2015-09-10 20:35:13 UTC,2015-09-10 20:36:57 UTC,
440,"Raffles lighthouse, Singapore",1.1593,103.7407,,9,2015-07-28 06:59:46 UTC,2015-07-28 06:59:46 UTC,
163,Recife du Sud,-18.18025,49.4185,"min_depth=0, max_depth=0, start_year=0, end_year=0, methodology=DGGE",1,2014-12-04 23:29:59 UTC,2014-12-04 23:29:59 UTC,
90,Rib Reef,-18.48189722,146.8737056,"min_depth=10, max_depth=17, start_year=2003, end_year=2003, methodology=DGGE",1,2014-12-04 23:29:59 UTC,2014-12-04 23:29:59 UTC,
369,"Rio Bueno, Jamaica",18.479459,-77.459666,"North coast Jamaica",1,2014-12-04 23:29:59 UTC,2014-12-04 23:29:59 UTC,
550,"Roomassala, Sri Lanka",6.020116,80.238735,,126,2016-01-08 20:26:30 UTC,2016-01-08 20:26:30 UTC,
74,Rottnest Island,-32.023786,115.550522,"min_depth=0, max_depth=7, start_year=2005, end_year=2005, methodology=DGGE",1,2014-12-04 23:29:59 UTC,2014-12-04 23:29:59 UTC,
568,Saadiyat,24.59858028,54.42014881,"Reef 5km offshore from Saadiyat Island, Abu Dhabi, UAE",97,2017-03-06 08:54:33 UTC,2017-03-06 08:54:33 UTC,
240,"Saboga, Panama",8.622584,-79.061694,,1,2014-12-04 23:29:59 UTC,2014-12-04 23:29:59 UTC,
594,"Salomon Atoll, Chagos",-5.333889,72.218056,,350,2017-07-23 10:34:53 UTC,2017-08-18 09:12:16 UTC,
452,"Samalona, South Sulawesi, Flores Sea",-5.0634,119.319,,9,2015-07-29 20:54:22 UTC,2015-07-29 20:54:22 UTC,
473,"Sambangan Island, Karimun Jawa Group, Indonesia",-5.8444,110.585,,9,2015-08-07 02:24:42 UTC,2015-08-07 02:24:42 UTC,
250,"Sampela, Wakatobi, Tukang Besi",-5.474706,123.732718,,1,2014-12-04 23:29:59 UTC,2015-07-28 01:40:53 UTC,
644,"San Blas Islands, Panama",9.555977,-78.961905,,1,2017-09-11 06:06:35 UTC,2017-09-11 06:06:35 UTC,
140,San Diego,32.865929,-117.250322,"min_depth=0, max_depth=0, start_year=2005, end_year=2005, methodology=DGGE",1,2014-12-04 23:29:59 UTC,2014-12-04 23:29:59 UTC,
335,"Santa Marta, Colombia",11.255773,-74.214191,,1,2014-12-04 23:29:59 UTC,2017-09-11 05:59:31 UTC,
503," Satsukigaura, Amakusa, Japan",32.167466,130.037283,,31,2015-09-22 04:07:40 UTC,2015-09-22 04:07:40 UTC,
533,"Scilla, Ionian Sea",38.016677,15.633312,"Coordinates of site in Goffredo et al., 2009. (original coordinates given in Deg Min Sec)",126,2016-01-08 17:32:38 UTC,2016-01-08 17:32:38 UTC,
593,"Scott_1, Scott Reef",-14.066667,121.766667,,350,2017-07-23 10:29:33 UTC,2017-07-23 10:29:33 UTC,
82,Scott Reef,14.111667,121.853056,"min_depth=0, max_depth=5, start_year=2003, end_year=2009, methodology=DGGE",1,2014-12-04 23:29:59 UTC,2014-12-04 23:29:59 UTC,
392,Seaward of St. Croix Airport,17.675312,-64.795361,,8,2014-12-04 23:29:59 UTC,2014-12-04 23:29:59 UTC,
432,"Secas Island, Panama",7.986666,-82.0303155,,92,2015-07-15 00:57:57 UTC,2015-07-15 00:57:57 UTC,
346,"Sekisei Lagon, Okinawa",24.346471,124.044571,,1,2014-12-04 23:29:59 UTC,2014-12-04 23:29:59 UTC,
623,"Sekisei Lagoon, St. A, Japan",24.252222,124.085556,,350,2017-07-23 12:35:25 UTC,2017-07-24 23:01:58 UTC,
439,"Semakau, Singapore",1.2068,103.7579,,9,2015-07-28 06:50:12 UTC,2015-07-28 06:50:12 UTC,
618,"Sesoko_4, Japan",26.646111,127.864722,,350,2017-07-23 12:29:55 UTC,2017-07-23 12:29:55 UTC,
619,"Sesoko_5, Japan",26.633333,127.866667,,350,2017-07-23 12:31:08 UTC,2017-07-23 12:31:08 UTC,
243,"Sesoko Island, Okinawa",26.650527,127.86438,Sesoko Tropical Biosphere Research Station,1,2014-12-04 23:29:59 UTC,2014-12-04 23:29:59 UTC,
210,"Shark Point, Thailand",7.799182,98.411122,,1,2014-12-04 23:29:59 UTC,2014-12-04 23:29:59 UTC,
620,"Shibushi_Bay_1, Japan",31.464444,131.228333,,350,2017-07-23 12:32:08 UTC,2017-07-23 12:32:08 UTC,
264,"Shikoku Island, Japan",33.8219,133.4945,,1,2014-12-04 23:29:59 UTC,2014-12-04 23:29:59 UTC,
597,"Shirigai Bay, Japan",32.783889,132.708333,,350,2017-07-23 10:54:31 UTC,2017-09-23 09:44:10 UTC,
608,"Sichang_Islands_1, Thailand",13.116667,100.816667,,350,2017-07-23 11:33:23 UTC,2017-07-23 11:33:23 UTC,
246,"Similan Islands, Thailand",8.659151,97.646762,,1,2014-12-04 23:29:59 UTC,2014-12-04 23:29:59 UTC,
4,"Solitary Islands, Australia",-30.08,153.3,Co-ordinates are approx. middle of Solitary Island chain.,3,2014-12-04 23:29:59 UTC,2014-12-04 23:29:59 UTC,
143,Solomon Islands,-9.64571,160.156194,"min_depth=0, max_depth=0, start_year=1991, end_year=1991, methodology=DGGE",1,2014-12-04 23:29:59 UTC,2014-12-04 23:29:59 UTC,
483,"South Beach intertidal, Lizard Island",-14.68235,145.450267,Cath Lovelock site,1,2015-08-25 05:38:22 UTC,2015-08-25 05:38:22 UTC,
356,Southern Belize,16.412375,-88.231201,"No good location description, so lat and long just estimates.",1,2014-12-04 23:29:59 UTC,2014-12-04 23:29:59 UTC,
367,"South Island, Lizard Island",-14.703569,145.459501,Exposed reef crest.,1,2014-12-04 23:29:59 UTC,2014-12-04 23:29:59 UTC,
574,"South Molle			",-20.276667,148.826667,"Reef fringing South Molle Island, Whitsunday group, Central GBR",97,2017-03-06 09:00:00 UTC,2017-03-06 09:00:00 UTC,
443,"South Pari, Pari Island Complex, Java Sea",-5.8633,106.6175,,9,2015-07-29 01:50:19 UTC,2015-07-29 01:50:19 UTC,
65,"South Perry Reef, Exuma Cays",23.7752,-76.0895,"min_depth=12, max_depth=15, start_year=2003, end_year=2005, methodology=DGGE",1,2014-12-04 23:29:59 UTC,2014-12-04 23:29:59 UTC,
444,"South Tikus, Pari Island Complex, Java Sea",-5.8648,106.5837,,9,2015-07-29 01:51:13 UTC,2015-07-29 01:51:13 UTC,
394,"Southwestern corner, Isla Contadora, Panama",8.622043,-79.036857,,9,2014-12-04 23:29:59 UTC,2014-12-04 23:29:59 UTC,
52,South Yucatan,16.480001,-88.045999,"min_depth=2, max_depth=2, start_year=0, end_year=0, methodology=DGGE",1,2014-12-04 23:29:59 UTC,2014-12-04 23:29:59 UTC,
401,"Spencer Gulf and Gulf St Vincent, South Australia",-34.886,137.613,,9,2015-05-08 06:13:03 UTC,2015-05-08 06:13:03 UTC,
462,"Spermonde Archipelago, Sulawesi",-4.71,118.9806,,9,2015-08-03 03:56:21 UTC,2015-08-03 03:56:51 UTC,
133,State College,40.793395,-77.860001,"min_depth=0, max_depth=0, start_year=2001, end_year=2001, methodology=DGGE",1,2014-12-04 23:29:59 UTC,2014-12-04 23:29:59 UTC,
70,St. Croix,17.785806,-64.755668,"min_depth=0, max_depth=0, start_year=0, end_year=0, methodology=DGGE",1,2014-12-04 23:29:59 UTC,2014-12-04 23:29:59 UTC,
30,"Suez Pond, Fanning Island",3.872054,-159.328893,Depth is midpoint of given range (2-5m).,1,2014-12-04 23:29:59 UTC,2014-12-04 23:29:59 UTC,
388,"Tague Bay Back-Reef, St. Croix",17.762394,-64.606155,,8,2014-12-04 23:29:59 UTC,2014-12-04 23:29:59 UTC,
387,"Tague Bay Fore-Reef, St. Croix",17.76481,-64.613812,,8,2014-12-04 23:29:59 UTC,2014-12-04 23:29:59 UTC,
353,"Tague Bay, St. Croix",17.758046,-64.605875,,1,2014-12-04 23:29:59 UTC,2014-12-04 23:29:59 UTC,
421,"Tahiti, French Polynesia",-17.772,-149.33,,49,2015-06-11 03:50:43 UTC,2015-06-11 03:51:27 UTC,
511,Taiwan,23.973981,120.979818,"This is for the oocyte size of resource #73, Dai et al 1992, in which coral specimens collected from south Taiwan (#500) and north Taiwan (#501) were mixed. ",31,2015-11-03 00:30:23 UTC,2015-11-03 00:33:16 UTC,
562,"TamandarÃ©, Pernambuco, Brazil",-8.761281,-35.091772,,31,2016-02-08 09:33:05 UTC,2016-02-08 09:33:05 UTC,
446,"Tanjung Setan, Ambon, Banda Sea",-3.5097,128.2247,,9,2015-07-29 14:15:33 UTC,2015-07-29 14:15:33 UTC,
344,"Tantzei Bay, Taiwan",21.946708,120.774035,,1,2014-12-04 23:29:59 UTC,2014-12-04 23:29:59 UTC,
617,"Tarut_Bay_1, Saudi Arabia",26.616667,50.133333,,350,2017-07-23 12:28:25 UTC,2017-07-23 12:28:25 UTC,
541,The Mesoamerican reef,17.165716,-87.808883,,126,2016-01-08 19:09:44 UTC,2016-01-08 19:09:44 UTC,
512,The Townsville section of the GBR,-18.892303,146.609604,"This is used to for resource #106, Babcock at al. 2003, in which coral specimens were collected from Magnetic Island or Orpheus Island. ",31,2015-11-03 05:52:35 UTC,2015-11-03 05:52:35 UTC,
500,"Tiao-Shi, Nanwan, Kenting, Taiwan",21.957822,120.766646,,31,2015-09-11 05:13:33 UTC,2015-09-11 05:13:33 UTC,
205,"Tin Smelter, Phuket, Thailand",7.815416,98.40546,,1,2014-12-04 23:29:59 UTC,2014-12-04 23:29:59 UTC,
469,"Tobacco Bay, Bermuda Island",32.3892,-64.6796,,9,2015-08-03 05:51:44 UTC,2015-08-03 05:51:44 UTC,
604,"Toboga_Island_1, Panama",8.787283,-79.556519,,350,2017-07-23 11:24:35 UTC,2017-09-23 05:16:07 UTC,
633,"Townsville4_3, Pelorus Island",-18.563533,146.495783,,350,2017-08-25 04:12:34 UTC,2017-08-25 04:12:34 UTC,
485,"Trawler beach, Lizard Island",-14.674058,145.442622,Cath Lovelock site,1,2015-08-25 05:39:21 UTC,2015-08-25 05:39:21 UTC,
385,"TriÃ¡ngulo Oeste, Gulf of Mexico",20.966667,-92.316667,,8,2014-12-04 23:29:59 UTC,2014-12-04 23:29:59 UTC,
559,"Trimodal, Lizard Island",-14.699251,145.447955,Reef crest between South and Palfrey Islands.,1,2016-01-18 06:53:42 UTC,2016-01-18 06:53:42 UTC,
557,"Trondheim, Norway",63.469351,10.125096,"Fjord site shown in Fig 2 of Mortensen and Rapp, 1998",126,2016-01-09 15:05:33 UTC,2016-01-09 15:05:33 UTC,
342,"Trou aux Biches, Mauritius",-20.01271,57.54982,,1,2014-12-04 23:29:59 UTC,2014-12-04 23:29:59 UTC,
575,"Trunk		",-18.379486,146.789105,"General location of Trunk Reef, Central GBR, GPS coords of specific dive site not known ",97,2017-03-06 09:01:17 UTC,2017-03-06 09:01:17 UTC,
635,Trunk_Reef_1,-18.378819,146.842934,,350,2017-08-25 04:25:01 UTC,2017-08-25 04:25:01 UTC,
626,"Trunk_Reef_2, Trunk Reef",-18.449444,146.894444,,350,2017-08-25 03:07:51 UTC,2017-08-25 03:08:09 UTC,
398,"Tsushima, Japan",4.173367,129.242088,,8,2015-05-05 01:38:08 UTC,2015-05-05 01:38:08 UTC,
424,Turiamo Bay,10.4608219,-67.8463593,,92,2015-06-25 01:33:46 UTC,2015-06-25 01:33:46 UTC,
374,"Turneffe Atoll, Belize",17.346993,-87.865391,,2,2014-12-04 23:29:59 UTC,2014-12-04 23:29:59 UTC,
502,"Two-mile Reef, Sodwana Bay, South Africa",-27.526308,32.68622,,31,2015-09-18 04:56:19 UTC,2015-09-18 04:56:19 UTC,
506,Upper Florida Keys,25.058167,-80.399557,,9,2015-09-28 01:19:34 UTC,2015-09-28 01:19:34 UTC,
239,"Uraba, Panama",8.778271,-79.5335,,1,2014-12-04 23:29:59 UTC,2014-12-04 23:29:59 UTC,
226,US Virgin Islands,18.404696,-64.905616,,1,2014-12-04 23:29:59 UTC,2014-12-04 23:29:59 UTC,
27,"Uva Island, Panama",7.81446,-81.759035,,1,2014-12-04 23:29:59 UTC,2014-12-04 23:29:59 UTC,
578,"Vaan_1, Vaan Island",8.833333,78.216667,,350,2017-07-23 05:10:34 UTC,2017-07-23 05:10:34 UTC,
554,Vanuatu,-15.338827,166.964158,,126,2016-01-08 22:16:16 UTC,2016-01-08 22:16:16 UTC,
428,Veracruz Reef System,19.1786047,-96.1032024,,92,2015-06-25 06:12:09 UTC,2015-06-25 06:12:09 UTC,
435,"Waikiki Aquarium, Honolulu, Hawaii",21.266868,-157.821564,Experiments conducted in the Aquarium.,1,2015-07-26 23:11:56 UTC,2015-07-26 23:11:56 UTC,
449,"Wailiha, Ambon, Banda Sea",-3.6419,128.2725,,9,2015-07-29 20:35:35 UTC,2015-07-29 20:35:35 UTC,
134,Waining Reef,-14.419391,145.27582,"min_depth=1, max_depth=3, start_year=2008, end_year=2008, methodology=DGGE",1,2014-12-04 23:29:59 UTC,2014-12-04 23:29:59 UTC,
552,Wakatobi Marine National Park,-5.563259,123.92999,,126,2016-01-08 20:54:18 UTC,2016-01-08 20:54:18 UTC,
448,"Wayame, Ambon, Banda Sea",-3.6707,128.1525,,9,2015-07-29 20:30:49 UTC,2015-07-29 20:30:49 UTC,
523,"Wheeler Reef, GBR",-18.797743,147.527611,,1,2015-12-17 01:11:46 UTC,2015-12-17 01:11:46 UTC,
628,"Wilkie, Princess Charlotte Bay",-13.925111,143.641833,,350,2017-08-25 03:25:13 UTC,2017-08-25 03:25:13 UTC,
404,Wingate Reef,19.633,37.3,"Sudan, Red Sea",10,2015-05-27 06:01:12 UTC,2015-05-27 06:01:12 UTC,
358,Wistari Reef,-23.455648,151.883326,,1,2014-12-04 23:29:59 UTC,2014-12-04 23:29:59 UTC,
393,"Xahuayxol, Gulf of Mexico",18.648251,-87.717677,,8,2014-12-04 23:29:59 UTC,2014-12-04 23:29:59 UTC,
230,"Xcalak, Mexico",18.282093,-87.837753,,1,2014-12-04 23:29:59 UTC,2014-12-04 23:29:59 UTC,
341,"Xiaodonghai, Hainan Island",19.239846,110.485382,,1,2014-12-04 23:29:59 UTC,2014-12-04 23:29:59 UTC,
271,"Yam Yen, Phuket, Thailand ",7.805674,98.404194,,1,2014-12-04 23:29:59 UTC,2014-12-04 23:29:59 UTC,
518,Yanbu,23.954143,38.202395,"Yanbu, Saudi Arabia",2,2015-11-04 05:13:51 UTC,2015-11-04 05:13:51 UTC,
545,Yapp Island,9.546155,138.136151,,126,2016-01-08 19:44:48 UTC,2016-01-08 19:44:48 UTC,
501,"Yenliao Bay, Taiwan",25.060262,121.931687,,31,2015-09-11 05:43:38 UTC,2015-09-11 05:43:38 UTC,
135,Yonge Reef,-14.369599,145.389111,"min_depth=25, max_depth=29, start_year=2008, end_year=2008, methodology=DGGE",1,2014-12-04 23:29:59 UTC,2014-12-04 23:29:59 UTC,
88,Zamami Island,26.23345278,127.3092069,"min_depth=1, max_depth=10, start_year=2002, end_year=2002, methodology=DGGE",1,2014-12-04 23:29:59 UTC,2014-12-04 23:29:59 UTC,
105,Zanzibar,-6.09446701,39.07226501,"min_depth=2, max_depth=6, start_year=2007, end_year=2007, methodology=DGGE",1,2014-12-04 23:29:59 UTC,2014-12-04 23:29:59 UTC,